"","beta","lnalpha","lnalpha.c","Smsy_lambert","Umsy_lambert"
"0%",8.89608542888264e-08,0.0109185138535874,0.695787492483394,28474.9945212127,0.315995991494619
"2.5%",3.29020905812927e-06,0.68085987335747,1.19474512375308,34410.9144676699,0.500532400024215
"50%",1.37284099860098e-05,1.6574125451095,2.13618864881347,54183.3225155915,0.749978856270422
"97.5%",2.44513930394437e-05,2.63202185845741,3.57465487711345,178139.124261627,0.929038344315605
"100%",3.14736135247089e-05,2.98645685322792,13.7315156631286,5976092.19603837,0.999997043541976
