"","beta","lnalpha","lnalpha.c","Smsy_lambert","Umsy_lambert"
"0%",6.83692540255317e-08,0.00409998882411903,0.677462276474602,25985.0342076722,0.308528677008793
"2.5%",3.4464513174391e-06,0.631779428147176,1.20908522218753,33328.8307335455,0.505293861949941
"50%",1.40438801824559e-05,1.66270593715189,2.14801384722241,53153.2894119121,0.75233511800754
"97.5%",2.54809457899295e-05,2.79375333600497,3.91737321156846,166461.741941365,0.948632052913017
"100%",3.50308183529359e-05,7.92487483906224,16.5812915880317,10625225.2714648,0.999999828946893
