"","beta","lnalpha","lnalpha.c","Smsy_lambert","Umsy_lambert"
"0%",0.000000232036642005841,0.0303154181273104,0.629704885533517,23464.5810966762,0.288842928404933
"2.5%",0.00000327226634252693,0.659216430136124,1.19979316341162,34170.7257106969,0.502211978786597
"50%",0.0000137786637255818,1.66810528479387,2.1549379186548,54364.764537923,0.753706510638978
"97.5%",0.000024796163796038,2.65638761401104,3.69389304459267,188059.282392232,0.936540421967972
"100%",0.0000392987434254074,2.99880924824873,10.6650270205187,2465262.59355053,0.999936539346953
