"","beta","lnalpha","lnalpha.c","Smsy_lambert","Umsy_lambert"
"0%",0.0000000302117163337063,0.333913095057264,0.827121924853407,28683.8231291674,0.368099147986206
"2.5%",0.00000126343247592416,0.731768363751219,1.15050281155023,39393.2703175133,0.485650509089598
"50%",0.00000950237480442467,1.37309246232682,1.77912478344791,70154.5002817078,0.670114656018349
"97.5%",0.0000208150652966676,2.18002174354636,2.66674287353318,431309.345874591,0.839192927676163
"100%",0.0000313389402839648,2.96967909663433,3.59777015270322,18518929.7556509,0.930554671820798
