Point est.,Upper C.I.
1.2608965011945035,1.296508248813966
1.2677505262632538,1.3074036023884643
1.2765987601193434,1.320502042713128
1.269713879987495,1.3104059449566865
NA,NA
