Point est.,Upper C.I.
1.254976500460174,1.304390685844578
1.2425206540716907,1.2877369082632153
1.259749189524524,1.3070006458248942
1.242361660658044,1.2865396091161503
NA,NA
