dev1,pD,dic.pD
80.68552562581603,4.416083073180816,85.10160869899684
