"","Mean","SD","Time-series SE","2.5%","50%","97.5%"
"MSY",281359.576193171,2462100.58191611,44947.2509169788,74763.7485121577,144401.431744551,507095.033688849
"S.msy",203770.704252286,2497458.17458197,45594.803001079,35646.0090674058,63063.4841942043,462717.390943221
"beta",0.0000107045809668971,0.00000580914184064711,0.000000105681510457052,0.00000112890621630857,0.0000103427219002817,0.0000231605137301742
"lnalpha",1.3397655562162,0.418185545851513,0.00763310950349048,0.619662981527365,1.31741570562074,2.23084109153975
"sigma.red",0.953079143060821,0.135183444131398,0.00238866896322392,0.732385515574498,0.937892474538111,1.25988714328058
