dev1,pD,dic.pD
80.78939905153874,4.521225714160622,85.31062476569936
