dev1,pD,dic.pD
91.31266263757975,3.1251170391597944,94.43777967673954
