"","Mean","SD","Time-series SE","2.5%","50%","97.5%"
"MSY",299767.07390862,913721.505489384,17545.1049925586,59225.3714961652,163969.650184832,1171972.5853301
"S.msy",60962.4936137813,440110.708323317,8037.46846486031,32344.9442928091,52936.629829019,160442.683699977
"beta",1.39330255234333e-05,5.44132408848392e-06,9.72590208311262e-08,3.71796516548257e-06,1.39323393145054e-05,2.47431508141522e-05
"lnalpha.c",2.28863357102525,1.53897427082431,0.0314091669995614,1.20970559870053,2.12040543235466,4.02911153646075
"phi",0.587556211457847,0.15391675443784,0.00265635912069317,0.287772904395291,0.587881645235636,0.886909800186865
"sigma.red",1.05158762430964,0.418162637548221,0.00811843942363923,0.717006360191554,0.964800214701936,1.87258224499011
