Point est.,Upper C.I.
1.2909038247745763,1.3231920266399513
1.166439503652954,1.1697861586000509
1.1391872619763597,1.1425060704123318
1.1413419534210147,1.1497606812234424
1.2490800875116659,1.2739071145178058
