Point est.,Upper C.I.
1.290903604070043,1.3231808516523966
1.1064310254901126,1.1105174928354637
1.1217075728814252,1.1283519645594313
1.1142595166778464,1.1190606854103844
