dev1,pD,dic.pD
80.5076091480821,4.316332259268726,84.82394140735082
