dev1,pD,dic.pD
91.26930749169051,3.0120135546693234,94.28132104635984
