Point est.,Upper C.I.
1.2765267957354296,1.2939314392793322
1.2845313833649508,1.3071454816446688
1.2794965104481373,1.2986622778847006
