Point est.,Upper C.I.
1.2438799706651393,1.255584643116243
1.290544783752387,1.3234587527639659
1.2869153912445956,1.315171892248751
1.2810682128438515,1.304130704628632
1.2860604372044224,1.3136435347220137
