"","Mean","SD","Time-series SE","2.5%","50%","97.5%"
"MSY",402636.978366077,5701106.54370747,23274.7042226979,54798.5934310848,173439.488389525,1754115.10320411
"S.msy",-31169.6911723021,17919457.1824567,73156.6676807611,27251.869025217,49914.5768734832,223040.735353023
"beta",1.50241804965285e-05,6.78220990730123e-06,3.63811693057457e-08,2.55129121094494e-06,1.48393119610058e-05,2.89103740215395e-05
"lnalpha.c",2.4514970661279,4.33131664507582,0.0198476391391086,1.13179796384861,2.19918242864278,4.74391719215383
"sigma.red",1.11664764546121,0.503939859550738,0.00274715127973402,0.734936366134736,1.01677369807342,2.10088138199884
