dev1,pD,dic.pD
91.27890264241962,3.0071565049627584,94.28605914738239
