dev1,pD,dic.pD
91.20954308708332,2.9803680905390246,94.18991117762235
