"","Mean","SD","Time-series SE","2.5%","50%","97.5%"
"MSY",225429.609685182,2161588.53041324,8824.509082566,74875.9545373476,142016.20216888,533028.113212507
"S.msy",146172.809993588,1773657.80052043,7240.81458529045,35691.5856366931,63738.7271594416,456522.254851188
"beta",1.06909912126255e-05,5.76013796858974e-06,4.47560273513872e-08,1.080150725674e-06,1.03081144876815e-05,2.30318561309215e-05
"lnalpha",1.33517208181216,0.411249839987647,0.0031298459527381,0.609997425816872,1.31469605977902,2.19943829677154
"sigma.red",0.950002569160754,0.1340018432693,0.000569739214476377,0.732890038545731,0.93456880988731,1.25307699704597
