Point est.,Upper C.I.
1.1793731459923908,1.184965966355575
1.106082534714098,1.1086254953915484
