dev1,pD,dic.pD
80.68383139058123,4.4200610586675,85.10389244924873
