"","Mean","SD","Time-series SE","2.5%","50%","97.5%"
"MSY",226633.310346689,1005016.00093182,18351.8548349083,90473.9641061916,156846.912422964,605770.305983866
"S.msy",141064.931137301,872343.29864398,15930.1247611686,39206.4938645593,70594.9740502576,556312.452275414
"beta",9.77050873621443e-06,5.22171133066235e-06,9.53654861082563e-08,9.07918771914323e-07,9.41743408286767e-06,2.05648145651577e-05
"lnalpha",1.36990450707335,0.378931793691181,0.00692043059314655,0.674133718512798,1.35371423591681,2.17079647837236
"sigma.red",0.917753203577005,0.118791083746359,0.00216929259066617,0.719044064087184,0.905998494479763,1.18021002311584
