"","Mean","SD","Time-series SE","2.5%","50%","97.5%"
"MSY",388550.474093094,1507542.66482478,29268.6099442187,53610.3888375871,170101.982289759,2093864.57344125
"S.msy",46684.1978814189,1081468.99716841,19736.6771376999,26271.9879003946,49939.2586636741,211167.562258479
"beta",0.0000150572750840349,0.00000660829910755292,0.000000118687104041244,0.00000281674919665279,0.0000147742918583245,0.0000285495077154607
"lnalpha.c",2.46093675866965,2.5101912309935,0.0458268525526282,1.15192560405428,2.18267881165955,5.01921172745719
"phi",0.567831591084647,0.171836808243431,0.00309482961214723,0.221655258790857,0.56627174255597,0.900643530366181
"sigma.red",1.11327314132962,0.51208461569051,0.00988260579015346,0.729939940268778,1.00980590426923,2.13839578378133
