dev1,pD,dic.pD
91.18051292148085,2.9604138189697187,94.14092674045057
