dev1,pD,dic.pD
80.58591058281556,4.32970387232646,84.91561445514202
