Point est.,Upper C.I.
1.2644007621426423,1.2851716632422254
1.1513751730613855,1.155541786358226
1.1371093378906674,1.1404498198700308
1.149347439817941,1.1533418633673773
