Point est.,Upper C.I.
1.2260854118412956,1.2427566285929226
1.2326355167499954,1.2512628711601703
1.2379593760547647,1.2586014200807507
1.2342151631768081,1.2533930298089366
NA,NA
